{"fonts/Bitter-Regular.ttf":["fonts/Bitter-Regular.ttf"],"packages/cupertino_icons/assets/CupertinoIcons.ttf":["packages/cupertino_icons/assets/CupertinoIcons.ttf"],"fonts/Karla-Regular.ttf":["fonts/Karla-Regular.ttf"],"fonts/Montserrat-Medium.ttf":["fonts/Montserrat-Medium.ttf"],"fonts/UbuntuMono-Regular.ttf":["fonts/UbuntuMono-Regular.ttf"],"lib/images/chocolate%20milk.jpg":["lib/images/chocolate%20milk.jpg"],"lib/images/cola.jpg":["lib/images/cola.jpg"],"lib/images/hamburger.jpg":["lib/images/hamburger.jpg"],"lib/images/jane-doe.jpg":["lib/images/jane-doe.jpg"],"lib/images/pizza.jpg":["lib/images/pizza.jpg"]}